,site,station_nm,dec_lat_va,dec_long_va,max_bias,RMS,correlation_coefficient
0,12322000,KOOTENAI RIVER AT PORTHILL ID,48.99638889,-116.5075,4.558921092758535,1.4259796092692991,0.8600282819973877
