,site,station_nm,dec_lat_va,dec_long_va,max_bias,RMS,correlation_coefficient
0,13311450,"SUGAR CREEK NR STIBNITE, ID",44.9363611,-115.3372222,2.648835603080485,0.8679321842763357,0.9542933548631912
